6,Level 10
7,Level 20
8,Level 30
9,Level 40
10,Level 50
11,Level 60
12,(Deprecated) Level 70
13,(Deprecated) Level 80
15,Plenty of Pets
16,Did Somebody Order a Knuckle Sandwich?
31,A Simple Re-Quest
32,2000 Quests Completed
33,(Deprecated) Nothing Boring About Borean
34,(Deprecated) I've Toured the Fjord
35,(Deprecated) Might of Dragonblight
36,(Deprecated) The Empire of Zul'Drak
37,(Deprecated) Fo' Grizzle My Shizzle
38,(Deprecated) The Summit of Storm Peaks
39,(Deprecated) Into the Basin
40,(Deprecated) Icecrown: The Final Goal
41,(Deprecated) Loremaster of Northrend
42,Explore Eastern Kingdoms
43,Explore Kalimdor
44,(Deprecated) Explore Outland
45,(Deprecated) Explore Northrend
46,World Explorer
49,Alterac Valley victories
50,Eye of the Storm victories
51,Arathi Basin victories
52,Warsong Gulch battles
53,Alterac Valley battles
54,Eye of the Storm battles
55,Arathi Basin battles
56,Deaths in Warsong Gulch
57,Deaths in Alterac Valley
58,Deaths from Drek'Thar
59,Deaths in Arathi Basin
60,Total deaths
73,(Deprecated) Disgracin' The Basin
94,Quests abandoned
95,Average quests completed per day
97,Daily quests completed
98,Quests completed
99,Ruins of Lordaeron matches
100,Ring of Trials victories
101,Ring of Trials matches
102,Ruins of Lordaeron victories
103,Circle of Blood matches
104,Circle of Blood victories
105,Warsong Gulch victories
107,Creatures killed
108,Critters killed
110,Lich King 5-player boss killed the most
112,Deaths from drowning
113,Deaths from fatigue
114,Deaths from falling
115,Deaths from fire and lava
116,Professional Journeyman
121,Journeyman Cook
122,Expert Cook
123,Artisan Cook
124,Master Cook
125,(Deprecated) Grand Master Cook
126,Journeyman Fisherman
127,Expert Fisherman
128,Artisan Fisherman
129,(Deprecated) Master Fisherman
130,(Deprecated) Grand Master Fisherman
131,Journeyman in First Aid
132,Expert in First Aid
133,Artisan in First Aid
134,(Deprecated) Master in First Aid
135,(Deprecated) Grand Master in First Aid
137,(Deprecated) Stocking Up
141,(Deprecated) Ultimate Triage
144,(Deprecated) The Lurker Above
150,The Fishing Diplomat
153,The Old Gnome and the Sea
154,(Deprecated) Arathi Basin Victory
155,(Deprecated) Arathi Basin Veteran
156,(Deprecated) Territorial Dominance
157,(Deprecated) To The Rescue!
158,(Deprecated) Me and the Cappin' Makin' it Happen
159,(Deprecated) Let's Get This Done
161,(Deprecated) Resilient Victory
162,(Deprecated) We Had It All Along *cough*
165,(Deprecated) Arathi Basin Perfection
166,Warsong Gulch Victory
167,Warsong Gulch Veteran
168,Warsong Gulch Perfection
178,Enchanting formulae learned
181,Items disenchanted
183,Materials produced from disenchanting
189,Largest heal cast
193,Largest hit dealt
197,Total damage done
198,Total healing done
199,Capture the Flag
200,Persistent Defender
201,Warsong Expedience
202,Quick Cap
203,Not In My House
204,Ironman
206,Supreme Defender
207,Save The Day
208,(Deprecated) Eye of the Storm Victory
209,(Deprecated) Eye of the Storm Veteran
211,(Deprecated) Storm Glory
212,(Deprecated) Storm Capper
213,(Deprecated) Stormtrooper
214,(Deprecated) Flurry
216,(Deprecated) Bound for Glory
218,(Deprecated) Alterac Valley Victory
219,(Deprecated) Alterac Valley Veteran
220,(Deprecated) Stormpike Perfection
221,(Deprecated) Alterac Grave Robber
222,(Deprecated) Tower Defense
223,(Deprecated) The Sickly Gazelle
224,(Deprecated) Loyal Defender
225,(Deprecated) Everything Counts
226,(Deprecated) The Alterac Blitz
227,Damage Control
229,The Grim Reaper
230,(Deprecated) Battlemaster
231,Wrecking Ball
233,(Deprecated) Bloodthirsty Berserker
238,(Deprecated) An Honorable Kill
239,(Deprecated) 25000 Honorable Kills
245,That Takes Class
246,Know Thy Enemy
247,"Make Love, Not Warcraft"
248,Sunday's Finest
249,Dressed for the Occasion
252,With a Little Helper from My Friends
255,Bring Me The Head of... Oh Wait
259,Scrooge
260,Charming
263,Ice the Frost Lord
271,Burning Hot Pole Dance
272,Torch Juggler
273,On Metzen!
275,Veteran Nanny
277,Tis the Season
279,Simply Abominable
281,First Aid skill
283,The Masquerade
284,A Mask for All Occasions
288,Out With It
289,The Savior of Hallow's End
291,Check Your Head
292,Sinister Calling
293,(Deprecated) Disturbing the Peace
295,(Deprecated) Direbrewfest
303,"(Deprecated) Have Keg, Will Travel"
306,Master Angler of Azeroth
318,Total deaths from opposite faction
319,Duels won
320,Duels lost
321,Total raid and dungeon deaths
322,Total deaths to Lich King dungeon bosses
323,Total deaths to Lich King 10-player raid bosses
324,Total deaths to Lich King 25-player raid bosses
326,Gold from quest rewards
328,Total gold acquired
329,Auctions posted
330,Auction purchases
331,Most expensive bid on auction
332,Most expensive auction sold
333,Gold looted
334,Most gold ever owned
336,Legendary items acquired
338,Vanity pets owned
339,Mounts owned
341,Epic items looted
342,Epic items acquired
344,Bandages used
345,Health potions consumed
346,Beverages consumed
347,Food eaten
349,Flight paths taken
350,Mage Portals taken
353,Number of times hearthed
362,5v5 victories
363,5v5 matches
364,3v3 victories
365,3v3 matches
366,2v2 victories
367,2v2 matches
370,Highest 2 man personal rating
374,Highest 2 man team rating
377,Most factions at Exalted
378,Most factions at Revered or higher
381,World Honorable Kills
382,Battleground Honorable Kills
383,Arena Honorable Kills
388,City Defender
389,Gurubashi Arena Master
393,Alterac Valley towers defended
394,Alterac Valley towers captured
395,Warsong Gulch flags captured
396,Gurubashi Arena Grand Master
397,(Deprecated) Step Into The Arena
398,(Deprecated) Mercilessly Dedicated
399,(Deprecated) Just the Two of Us: 1550
400,(Deprecated) Just the Two of Us: 1750
401,(Deprecated) Just the Two of Us: 2000
402,(Deprecated) Three's Company: 1550
403,(Deprecated) Three's Company: 1750
404,(Deprecated) High Five: 2000
405,(Deprecated) Three's Company: 2000
406,(Deprecated) High Five: 1550
407,(Deprecated) High Five: 1750
408,(Deprecated) Hot Streak
409,(Deprecated) Last Man Standing
411,Murky
412,Murloc Costume
414,Tyrael's Hilt
415,Big Blizzard Bear
416,Scarab Lord
418,Merciless Gladiator
419,Vengeful Gladiator
420,Brutal Gladiator
424,Why? Because It's Red
425,"Atiesh, Greatstaff of the Guardian"
426,Warglaives of Azzinoth
428,"Thunderfury, Blessed Blade of the Windseeker"
429,"Sulfuras, Hand of Ragnaros"
430,Amani War Bear
431,Hand of A'dal
432,Champion of the Naaru
433,Grand Marshal
434,Field Marshal
435,Commander
436,Lieutenant Commander
437,Knight-Champion
438,Knight-Captain
439,Knight
440,Sergeant Major
441,Master Sergeant
442,Private
443,High Warlord
444,Lieutenant General
445,Warlord
446,General
447,Champion
448,Centurion
449,Blood Guard
450,Senior Sergeant
451,Stone Guard
452,First Sergeant
453,Sergeant
454,Scout
456,Realm First! Obsidian Slayer
457,Realm First! Level 60
458,Realm First! Level 80 Rogue
459,Realm First! Level 80 Warrior
460,Realm First! Level 80 Mage
461,Realm First! Level 80 Death Knight
462,Realm First! Level 80 Hunter
463,Realm First! Level 80 Warlock
464,Realm First! Level 80 Priest
465,Realm First! Level 80 Paladin
466,Realm First! Level 80 Druid
467,Realm First! Level 80 Shaman
468,Grunt
469,Legionnaire
470,Corporal
471,Sergeant
472,Knight-Lieutenant
473,Marshal
477,(Deprecated) Utgarde Keep
478,(Deprecated) The Nexus
479,(Deprecated) The Culling of Stratholme
480,(Deprecated) Azjol-Nerub
481,(Deprecated) Ahn'kahet: The Old Kingdom
482,(Deprecated) Drak'Tharon Keep
483,(Deprecated) The Violet Hold
484,(Deprecated) Gundrak
485,(Deprecated) Halls of Stone
486,(Deprecated) Halls of Lightning
487,(Deprecated) The Oculus
488,(Deprecated) Utgarde Pinnacle
489,(Deprecated) Heroic: Utgarde Keep
490,(Deprecated) Heroic: The Nexus
491,(Deprecated) Heroic: Azjol-Nerub
492,(Deprecated) Heroic: Ahn'kahet: The Old Kingdom
493,(Deprecated) Heroic: Drak'Tharon Keep
494,(Deprecated) Heroic: The Violet Hold
495,(Deprecated) Heroic: Gundrak
496,(Deprecated) Heroic: Halls of Stone
497,(Deprecated) Heroic: Halls of Lightning
498,(Deprecated) Heroic: The Oculus
499,(Deprecated) Heroic: Utgarde Pinnacle
500,(Deprecated) Heroic: The Culling of Stratholme
503,50 Quests Completed
504,100 Quests Completed
505,250 Quests Completed
506,500 Quests Completed
507,1000 Quests Completed
508,1500 Quests Completed
509,(Deprecated) 10000 Honorable Kills
512,(Deprecated) 5000 Honorable Kills
513,(Deprecated) 100 Honorable Kills
515,(Deprecated) 500 Honorable Kills
516,(Deprecated) 1000 Honorable Kills
518,30 Exalted Reputations
519,25 Exalted Reputations
520,20 Exalted Reputations
521,15 Exalted Reputations
522,Somebody Likes Me
523,5 Exalted Reputations
524,10 Exalted Reputations
527,Largest hit received
528,Total damage received
529,Most factions at Honored or higher
545,Shave and a Haircut
546,Safe Deposit
547,(Deprecated) Veteran of the Wrathgate
556,(Deprecated) Epic
557,(Deprecated) Superior
558,Greedy
559,Needy
560,(Deprecated) Deadliest Catch
561,(Deprecated) D.E.H.T.A's Little P.I.T.A.
562,(Deprecated) The Arachnid Quarter (10 player)
563,(Deprecated) The Arachnid Quarter (25 player)
564,(Deprecated) The Construct Quarter (10 player)
565,(Deprecated) The Construct Quarter (25 player)
566,(Deprecated) The Plague Quarter (10 player)
567,(Deprecated) The Plague Quarter (25 player)
568,(Deprecated) The Military Quarter (10 player)
569,(Deprecated) The Military Quarter (25 player)
572,(Deprecated) Sapphiron's Demise (10 player)
573,(Deprecated) Sapphiron's Demise (25 player)
574,(Deprecated) Kel'Thuzad's Defeat (10 player)
575,(Deprecated) Kel'Thuzad's Defeat (25 player)
576,(Deprecated) The Fall of Naxxramas (10 player)
577,(Deprecated) The Fall of Naxxramas (25 player)
578,(Deprecated) The Dedicated Few (10 player)
579,(Deprecated) The Dedicated Few (25 player)
582,(Deprecated) Alterac Valley All-Star
583,(Deprecated) Arathi Basin All-Star
584,(Deprecated) Arathi Basin Assassin
585,Eye of the Storm flags captured
586,Warsong Gulch flags returned
587,(Deprecated) Stormy Assassin
588,Total Honorable Kills
589,Highest 5 man team rating
590,Highest 3 man team rating
593,Deaths from Vanndar Stormpike
594,Deaths from Hogger
595,Highest 3 man personal rating
596,Highest 5 man personal rating
603,Wrath of the Horde
604,Wrath of the Alliance
605,A Coin of Ancestry
606,5 Coins of Ancestry
607,10 Coins of Ancestry
608,25 Coins of Ancestry
609,50 Coins of Ancestry
610,Death to the Warchief!
611,Bleeding Bloodhoof
612,Downing the Dark Lady
613,(Deprecated) Killed in Quel'Thalas
614,For The Alliance!
615,Storming Stormwind
616,Death to the King!
617,Immortal No More
618,(Deprecated) Putting Out the Light
619,For The Horde!
621,Represent
622,(Deprecated) The Spellweaver's Downfall (10 player)
623,(Deprecated) The Spellweaver's Downfall (25 player)
624,(Deprecated) Less Is More (10 player)
625,(Deprecated) Besting the Black Dragonflight (25 player)
626,Lunar Festival Finery
627,Explore Dun Morogh
628,Deadmines
629,Ragefire Chasm
630,Wailing Caverns
631,Shadowfang Keep
632,Blackfathom Deeps
633,Stormwind Stockade
634,Gnomeregan
635,Razorfen Kraul
636,Razorfen Downs
637,Scarlet Monastery
638,Uldaman
639,Zul'Farrak
640,Maraudon
641,Sunken Temple
642,Blackrock Depths
643,Lower Blackrock Spire
644,(Deprecated) King of Dire Maul
645,Scholomance
646,Stratholme: Main Gate
647,(Deprecated) Hellfire Ramparts
648,(Deprecated) The Blood Furnace
649,(Deprecated) The Slave Pens
650,(Deprecated) Underbog
651,(Deprecated) Mana-Tombs
652,(Deprecated) The Escape From Durnholde
653,(Deprecated) Sethekk Halls
654,(Deprecated) Shadow Labyrinth
655,(Deprecated) Opening of the Dark Portal
656,(Deprecated) The Steamvault
657,(Deprecated) The Shattered Halls
658,(Deprecated) The Mechanar
659,(Deprecated) The Botanica
660,(Deprecated) The Arcatraz
661,(Deprecated) Magister's Terrace
662,(Deprecated) Collector's Edition: Mini-Diablo
663,(Deprecated) Collector's Edition: Panda
664,(Deprecated) Collector's Edition: Zergling
665,Collector's Edition: Netherwhelp
666,(Deprecated) Auchenai Crypts
667,(Deprecated) Heroic: Hellfire Ramparts
668,(Deprecated) Heroic: The Blood Furnace
669,(Deprecated) Heroic: The Slave Pens
670,(Deprecated) Heroic: Underbog
671,(Deprecated) Heroic: Mana-Tombs
672,(Deprecated) Heroic: Auchenai Crypts
673,(Deprecated) Heroic: The Escape From Durnholde
674,(Deprecated) Heroic: Sethekk Halls
675,(Deprecated) Heroic: Shadow Labyrinth
676,(Deprecated) Heroic: Opening of the Dark Portal
677,(Deprecated) Heroic: The Steamvault
678,(Deprecated) Heroic: The Shattered Halls
679,(Deprecated) Heroic: The Mechanar
680,(Deprecated) Heroic: The Botanica
681,(Deprecated) Heroic: The Arcatraz
682,(Deprecated) Heroic: Magister's Terrace
683,Collector's Edition: Frost Wyrm Whelp
684,Onyxia's Lair (Level 60)
685,(Deprecated) Blackwing Lair
686,Molten Core
687,(Deprecated) Temple of Ahn'Qiraj
688,(Deprecated) Zul'Gurub
689,(Deprecated) Ruins of Ahn'Qiraj
690,(Deprecated) Karazhan
691,(Deprecated) Zul'Aman
692,(Deprecated) Gruul's Lair
693,(Deprecated) Magtheridon's Lair
694,(Deprecated) Serpentshrine Cavern
695,(Deprecated) The Battle for Mount Hyjal
696,(Deprecated) Tempest Keep
697,(Deprecated) The Black Temple
698,(Deprecated) Sunwell Plateau
699,(Deprecated) World Wide Winner
700,(Deprecated) Freedom of the Horde
701,(Deprecated) Freedom of the Alliance
705,Master of Arms
706,(Deprecated) Frostwolf Howler
707,(Deprecated) Stormpike Battle Charger
708,(Deprecated) Hero of the Frostwolf Clan
709,(Deprecated) Hero of the Stormpike Guard
710,(Deprecated) The Defiler
711,(Deprecated) Knight of Arathor
712,Warsong Outrider
713,Silverwing Sentinel
714,(Deprecated) The Conqueror
725,"Thori'dal, the Stars' Fury"
726,(Deprecated) Mr. Pinchy's Magical Crawdad Box
727,Call in the Cavalry
728,Explore Durotar
729,Deathcharger's Reins
730,Skills to Pay the Bills
731,Professional Expert
732,Professional Artisan
733,(Deprecated) Professional Master
734,(Deprecated) Professional Grand Master
735,Working Day and Night
736,Explore Mulgore
750,Explore The Barrens
752,Deaths in Naxxramas
753,Average gold earned per day
759,Average daily quests completed per day
760,Explore Alterac Mountains
761,Explore Arathi Highlands
762,Ambassador of the Horde
763,(Deprecated) The Burning Crusader
764,(Deprecated) The Burning Crusader
765,Explore Badlands
766,Explore Blasted Lands
768,Explore Tirisfal Glades
769,Explore Silverpine Forest
770,Explore Western Plaguelands
771,Explore Eastern Plaguelands
772,Explore Hillsbrad Foothills
773,Explore The Hinterlands
774,Explore Searing Gorge
775,Explore Burning Steppes
776,Explore Elwynn Forest
777,Explore Deadwind Pass
778,Explore Duskwood
779,Explore Loch Modan
780,Explore Redridge Mountains
781,Explore Stranglethorn Vale
782,Explore Swamp of Sorrows
783,(Deprecated) The Perfect Storm
784,(Deprecated) Eye of the Storm Domination
796,Resurrected by priests
798,Rebirthed by druids
799,Spirit returned to body by shamans
800,Redeemed by paladins
801,Resurrected by soulstones
802,Explore Westfall
811,Flasks consumed
812,Healthstones used
829,Largest heal received
830,Total healing received
837,Arenas won
838,Arenas played
839,Battlegrounds played
840,Battlegrounds won
841,Explore Wetlands
842,Explore Teldrassil
843,(Deprecated) Explore Netherstorm
844,Explore Darkshore
845,Explore Ashenvale
846,Explore Thousand Needles
847,Explore Stonetalon Mountains
848,Explore Desolace
849,Explore Feralas
850,Explore Dustwallow Marsh
851,Explore Tanaris Desert
852,Explore Azshara
853,Explore Felwood
854,Explore Un'Goro Crater
855,Explore Moonglade
856,Explore Silithus
857,Explore Winterspring
858,(Deprecated) Explore Ghostlands
859,(Deprecated) Explore Eversong Woods
860,(Deprecated) Explore Azuremyst Isle
861,(Deprecated) Explore Bloodmyst Isle
862,(Deprecated) Explore Hellfire Peninsula
863,(Deprecated) Explore Zangarmarsh
864,(Deprecated) Explore Shadowmoon Valley
865,(Deprecated) Explore Blade's Edge Mountains
866,(Deprecated) Explore Nagrand
867,(Deprecated) Explore Terokkar Forest
868,(Deprecated) Explore Isle of Quel'Danas
869,(Deprecated) 50000 Honorable Kills
870,(Deprecated) 100000 Honorable Kills
871,"Avast Ye, Admiral!"
872,Frenzied Defender
873,(Deprecated) Frostwolf Perfection
875,(Deprecated) Vengefully Dedicated
876,(Deprecated) Brutally Dedicated
877,(Deprecated) The Cake Is Not A Lie
878,One That Didn't Get Away
879,(Deprecated) Old School Ride
880,Swift Zulian Tiger
881,Swift Razzashi Raptor
882,Fiery Warhorse's Reins
883,Reins of the Raven Lord
884,Swift White Hawkstrider
885,Ashes of Al'ar
886,Swift Nether Drake
887,Merciless Nether Drake
888,Vengeful Nether Drake
889,Fast and Furious
890,(Deprecated) Into The Wild Blue Yonder
891,Giddy Up!
892,(Deprecated) The Right Stuff
893,(Deprecated) Cenarion War Hippogryph
894,(Deprecated) Flying High Over Skettis
896,(Deprecated) A Quest a Day Keeps the Ogres at Bay
897,(Deprecated) You're So Offensive
898,(Deprecated) On Wings of Nether
899,"(Deprecated) Oh My, Kurenai"
900,(Deprecated) The Czar of Sporeggar
901,(Deprecated) Mag'har of Draenor
902,(Deprecated) Chief Exalted Officer
903,(Deprecated) Shattrath Divided
905,(Deprecated) Old Man Barlowned
906,(Deprecated) Kickin' It Up a Notch
907,(Deprecated) The Justicar
908,(Deprecated) Call to Arms!
909,(Deprecated) Call to Arms!
910,Elders of the Dungeons
911,Elders of Kalimdor
912,Elders of Eastern Kingdoms
913,To Honor One's Elders
914,Elders of the Horde
915,Elders of the Alliance
916,Total deaths in 25-player raids
917,Total deaths in 10-player raids
918,Total deaths in 5-player dungeons
919,Gold earned from auctions
921,Gold from vendors
922,Mana potions consumed
923,Elixirs consumed
924,Most Northrend factions at Exalted
925,Most Outland factions at Exalted
926,Most Horde factions at Exalted
927,Equipped epic items in item slots
928,Extra bank slots purchased
931,Total factions encountered
932,Total 5-player dungeons entered
933,Total 10-player raids entered
934,Total 25-player raids entered
937,Elune's Blessing
938,(Deprecated) The Snows of Northrend
939,(Deprecated) Hills Like White Elekk
940,The Green Hills of Stranglethorn
941,(Deprecated) Hemet Nesingwary: The Collected Quests
942,(Deprecated) The Diplomat
943,(Deprecated) The Diplomat
944,They Love Me In That Tunnel
945,(Deprecated) The Argent Champion
946,The Argent Dawn
947,(Deprecated) The Argent Crusade
948,Ambassador of the Alliance
949,(Deprecated) Tuskarrmageddon
950,(Deprecated) Frenzyheart Tribe
951,(Deprecated) The Oracles
952,(Deprecated) Mercenary of Sholazar
953,(Deprecated) Guardian of Cenarius
955,Hydraxian Waterlords
956,Brood of Nozdormu
957,Hero of the Zandalar Tribe
958,(Deprecated) Sworn to the Deathsworn
959,(Deprecated) The Scale of the Sands
960,(Deprecated) The Violet Eye
961,(Deprecated) Honorary Frenzyheart
962,(Deprecated) Savior of the Oracles
963,Tricks and Treats of Kalimdor
964,Going Down?
965,Tricks and Treats of Kalimdor
966,Tricks and Treats of Eastern Kingdoms
967,Tricks and Treats of Eastern Kingdoms
968,Tricks and Treats of Outland
969,Tricks and Treats of Outland
970,Tricks and Treats of Azeroth
971,Tricks and Treats of Azeroth
972,Trick or Treat!
973,5 Daily Quests Complete
974,50 Daily Quests Complete
975,200 Daily Quests Complete
976,500 Daily Quests Complete
977,1000 Daily Quests Complete
978,3000 Quests Completed
979,The Mask Task
980,The Horseman's Reins
981,That Sparkling Smile
1005,Know Thy Enemy
1006,City Defender
1007,(Deprecated) The Wyrmrest Accord
1008,(Deprecated) The Kirin Tor
1009,(Deprecated) Knights of the Ebon Blade
1010,(Deprecated) Northrend Vanguard
1011,(Deprecated) The Winds of the North
1012,(Deprecated) The Winds of the North
1014,35 Exalted Reputations
1015,40 Exalted Reputations
1017,Can I Keep Him?
1020,Ten Tabards
1021,Twenty-Five Tabards
1022,Flame Warden of Eastern Kingdoms
1023,Flame Warden of Kalimdor
1024,Flame Warden of Outland
1025,Flame Keeper of Eastern Kingdoms
1026,Flame Keeper of Kalimdor
1027,Flame Keeper of Outland
1028,Extinguishing Eastern Kingdoms
1029,Extinguishing Kalimdor
1030,Extinguishing Outland
1031,Extinguishing Eastern Kingdoms
1032,Extinguishing Kalimdor
1033,Extinguishing Outland
1034,The Fires of Azeroth
1035,Desecration of the Horde
1036,The Fires of Azeroth
1037,Desecration of the Alliance
1038,The Flame Warden
1039,The Flame Keeper
1040,Rotten Hallow
1041,Rotten Hallow
1042,Number of hugs
1043,Greed rolls made on loot
1044,Need rolls made on loot
1045,Total cheers
1047,Total facepalms
1057,Deaths in 2v2
1065,Total waves
1066,Total times LOL'd
1067,Total times playing world's smallest violin
1068,Keli'dan the Breaker kills (The Blood Furnace)
1069,Nexus-Prince Shaffar kills (Mana Tombs)
1070,Epoch Hunter kills (The Escape From Durnholde)
1071,Quagmirran kills (Slave Pens)
1072,Black Stalker kills (Underbog)
1073,Exarch Maladaar kills (Auchenai Crypts)
1074,Talon King Ikiss kills (Sethekk Halls)
1075,Murmur kills (Shadow Labyrinth)
1076,Aeonus kills (Opening of the Dark Portal)
1077,Warlord Kalithresh kills (The Steamvault)
1078,Warchief Kargath Bladefist kills (The Shattered Halls)
1079,Pathaleon the Calculator kills (The Mechanar)
1080,Warp Splinter kills (The Botanica)
1081,Harbinger Skyriss kills (The Arcatraz)
1082,Kael'thas Sunstrider kills (Magister's Terrace)
1083,Prince Malchezaar kills (Karazhan)
1084,Zul'jin kills (Zul'Aman)
1085,Gruul kills (Gruul's Lair)
1086,Magtheridon kills (Magtheridon's Lair)
1087,Lady Vashj kills (Serpentshrine Cavern)
1088,Kael'thas Sunstrider kills (Tempest Keep)
1089,Illidan Stormrage kills (The Black Temple)
1090,Kil'jaeden kills (Sunwell Plateau)
1091,Edwin VanCleef kills (Deadmines)
1092,Archmage Arugal kills (Shadowfang Keep)
1093,Scarlet Commander Mograine kills (Scarlet Monastery)
1094,Chief Ukorz Sandscalp kills (Zul'Farrak)
1095,Emperor Dagran Thaurissan kills (Blackrock Depths)
1096,General Drakkisath kills (Blackrock Spire)
1097,Baron Rivendare kills (Stratholme)
1098,Onyxia kills (Onyxia's Lair)
1099,Ragnaros kills (Molten Core)
1100,Nefarian kills (Blackwing Lair)
1101,C'Thun kills (Temple of Ahn'Qiraj)
1102,Hakkar kills (Zul'Gurub)
1103,Lich King 5-player dungeons completed (final boss killed)
1104,Lich King 10-player raids completed (final boss killed)
1106,Deaths in Eye of the Storm
1107,Deaths in 3v3
1108,Deaths in 5v5
1109,5v5 Arena Honorable Kills
1110,3v3 Arena Honorable Kills
1111,2v2 Arena Honorable Kills
1112,Eye of the Storm Honorable Kills
1113,Alterac Valley Honorable Kills
1114,Arathi Basin Honorable Kills
1115,Warsong Gulch Honorable Kills
1125,Bandage used most
1145,King of the Fire Festival
1146,Gold spent on travel
1147,Gold spent at barber shops
1148,Gold spent on postage
1149,Talent tree respecs
1150,Gold spent on talent tree respecs
1151,(Deprecated) Loyal Defender
1153,(Deprecated) Overly Defensive
1157,Duel-icious
1159,(Deprecated) Just the Two of Us: 2200
1160,(Deprecated) Three's Company: 2200
1161,(Deprecated) High Five: 2200
1162,(Deprecated) Hotter Streak
1164,(Deprecated) Everything Counts
1165,"(Deprecated) My Sack is ""Gigantique"""
1166,(Deprecated) To the Looter Go the Spoils
1167,(Deprecated) Master of Alterac Valley
1168,(Deprecated) Master of Alterac Valley
1169,(Deprecated) Master of Arathi Basin
1170,(Deprecated) Master of Arathi Basin
1171,(Deprecated) Master of Eye of the Storm
1172,Master of Warsong Gulch
1173,Master of Warsong Gulch
1174,(Deprecated) The Arena Master
1175,(Deprecated) Battlemaster
1176,Got My Mind On My Money
1177,Got My Mind On My Money
1178,Got My Mind On My Money
1180,Got My Mind On My Money
1181,Got My Mind On My Money
1182,The Bread Winner
1183,(Deprecated) Brew of the Year
1184,(Deprecated) Strange Brew
1185,(Deprecated) The Brewfest Diet
1186,(Deprecated) Down With The Dark Iron
1187,The Keymaster
1188,Shafted!
1189,(Deprecated) To Hellfire and Back
1190,(Deprecated) Mysteries of the Marsh
1191,(Deprecated) Terror of Terokkar
1192,(Deprecated) Nagrand Slam
1193,(Deprecated) On the Blade's Edge
1194,(Deprecated) Into the Nether
1195,(Deprecated) Shadow of the Betrayer
1197,Total kills
1198,Total kills that grant experience or honor
1199,Professions learned
1200,Secondary skills at maximum skill
1201,Professions at maximum skill
1202,Weapon skills at maximum skill
1203,(Deprecated) Strange Brew
1205,Hero of Shattrath
1206,To All The Squirrels I've Loved Before
1225,(Deprecated) Outland Angler
1229,Revived by druids
1231,Keristrasza kills (The Nexus)
1232,Anub'arak kills (Azjol-Nerub)
1233,Herald Volazj kills (Ahn'kahet: The Old Kingdom)
1234,The Prophet Tharon'ja kills (Drak'Tharon Keep)
1235,Cyanigosa kills (The Violet Hold)
1236,Gal'darah kills (Gundrak)
1237,Sjonnir the Ironshaper kills (Halls of Stone)
1238,Loken kills (Halls of Lightning)
1239,Ley-Guardian Eregos kills (The Oculus)
1240,King Ymiron kills (Utgarde Pinnacle)
1241,Mal'Ganis defeated (Caverns of Time: Stratholme)
1242,Ingvar the Plunderer kills (Utgarde Keep)
1243,Fish Don't Leave Footprints
1244,Well Read
1248,Plethora of Pets
1250,"Shop Smart, Shop Pet...Smart"
1251,Not In My House
1252,Supreme Defender
1253,Raised as a ghoul
1254,(Deprecated) Friend or Fowl?
1255,Scrooge
1257,The Scavenger
1258,(Deprecated) Take a Chill Pill
1259,Not So Fast
1260,(Deprecated) Drunken Stupor
1261,G.N.E.R.D. Rage
1262,(Deprecated) Loremaster of Outland
1263,(Deprecated) Explore Howling Fjord
1264,(Deprecated) Explore Borean Tundra
1265,(Deprecated) Explore Dragonblight
1266,(Deprecated) Explore Grizzly Hills
1267,(Deprecated) Explore Zul'Drak
1268,(Deprecated) Explore Sholazar Basin
1269,(Deprecated) Explore Storm Peaks
1270,(Deprecated) Explore Icecrown
1271,(Deprecated) To Hellfire and Back
1272,(Deprecated) Terror of Terokkar
1273,(Deprecated) Nagrand Slam
1274,(Deprecated) Loremaster of Outland
1275,(Deprecated) Bombs Away
1276,(Deprecated) Blade's Edge Bomberman
1277,(Deprecated) Rapid Defense
1279,Flirt With Disaster
1280,Flirt With Disaster
1281,The Rocket's Red Glare
1282,Fa-la-la-la-Ogri'la
1283,(Deprecated) Classic Dungeonmaster
1284,(Deprecated) Outland Dungeonmaster
1285,(Deprecated) Classic Raider
1286,(Deprecated) Outland Raider
1287,(Deprecated) Outland Dungeon Hero
1288,(Deprecated) Northrend Dungeonmaster
1289,(Deprecated) Northrend Dungeon Hero
1291,Lonely?
1292,Yellow Brewfest Stein
1293,Blue Brewfest Stein
1295,Crashin' & Thrashin'
1296,(Deprecated) Watch Him Die
1297,(Deprecated) Hadronox Denied
1298,Different bandage types used
1299,Health potion used most
1300,Different health potions used
1301,Mana potion used most
1302,Different mana potions used
1303,Elixir consumed most
1304,Different elixirs used
1305,Flask consumed most
1306,Different flasks consumed
1307,Upper Blackrock Spire
1308,(Deprecated) Strand of the Ancients Victory
1309,(Deprecated) Strand of the Ancients Veteran
1310,(Deprecated) Storm the Beach
1311,(Deprecated) Medium Rare
1312,(Deprecated) Bloody Rare
1336,Creature type killed the most
1337,Different creature types killed
1339,Mage portal taken most
1356,(Deprecated) I've Toured the Fjord
1357,(Deprecated) Fo' Grizzle My Shizzle
1358,(Deprecated) Nothing Boring About Borean
1359,(Deprecated) Might of Dragonblight
1360,(Deprecated) Loremaster of Northrend
1361,Anub'Rekhan kills (Naxxramas 10 player)
1362,Grand Widow Faerlina kills (Naxxramas 10 player)
1363,Maexxna kills (Naxxramas 10 player)
1364,Patchwerk kills (Naxxramas 10 player)
1365,Noth the Plaguebringer kills (Naxxramas 10 player)
1366,Gothik the Harvester kills (Naxxramas 10 player)
1367,Patchwerk kills (Naxxramas 25 player)
1368,Anub'Rekhan kills (Naxxramas 25 player)
1369,Heigan the Unclean kills (Naxxramas 10 player)
1370,Loatheb kills (Naxxramas 10 player)
1371,Grobbulus kills (Naxxramas 10 player)
1372,Gluth kills (Naxxramas 10 player)
1373,Thaddius kills (Naxxramas 10 player)
1374,Instructor Razuvious kills (Naxxramas 10 player)
1375,Four Horsemen kills (Naxxramas 10 player)
1376,Sapphiron kills (Naxxramas 10 player)
1377,Kel'Thuzad kills (Naxxramas 10 player)
1378,Gluth kills (Naxxramas 25 player)
1379,Gothik the Harvester kills (Naxxramas 25 player)
1380,Grand Widow Faerlina kills (Naxxramas 25 player)
1381,Grobbulus kills (Naxxramas 25 player)
1382,Heigan the Unclean kills (Naxxramas 25 player)
1383,Four Horsemen kills (Naxxramas 25 player)
1384,Instructor Razuvious kills (Naxxramas 25 player)
1385,Loatheb kills (Naxxramas 25 player)
1386,Maexxna kills (Naxxramas 25 player)
1387,Noth the Plaguebringer kills (Naxxramas 25 player)
1388,Thaddius kills (Naxxramas 25 player)
1389,Sapphiron kills (Naxxramas 25 player)
1390,Kel'Thuzad kills (Naxxramas 25 player)
1391,Malygos kills (10 player)
1392,Sartharion kills (Chamber of the Aspects 10 player)
1393,Sartharion kills (Chamber of the Aspects 25 player)
1394,Malygos kills (25 player)
1396,(Deprecated) Elders of Northrend
1400,Realm First! Magic Seeker
1402,Realm First! Conqueror of Naxxramas
1404,Realm First! Level 80 Gnome
1405,Realm First! Level 80 Blood Elf
1406,Realm First! Level 80 Draenei
1407,Realm First! Level 80 Dwarf
1408,Realm First! Level 60 Human
1409,Realm First! Level 80 Night Elf
1410,Realm First! Level 80 Orc
1411,Realm First! Level 80 Tauren
1412,Realm First! Level 80 Troll
1413,Realm First! Level 80 Forsaken
1414,Realm First! Grand Master Blacksmith
1415,Realm First! Grand Master Alchemist
1416,Realm First! Cooking Grand Master
1417,Realm First! Grand Master Enchanter
1418,Realm First! Grand Master Engineer
1419,Realm First! First Aid Grand Master
1420,Realm First! Grand Master Angler
1421,Realm First! Grand Master Herbalist
1422,Realm First! Grand Master Scribe
1423,Realm First! Grand Master Jewelcrafter
1424,Realm First! Grand Master Leatherworker
1425,Realm First! Grand Master Miner
1426,Realm First! Grand Master Skinner
1427,Realm First! Grand Master Tailor
1428,(Deprecated) Mine Sweeper
1436,Friends In High Places
1456,Fish and other things caught
1457,(Deprecated) Explore Crystalsong Forest
1458,Continent with the most Honorable Kills
1462,Badges of Justice acquired
1463,Realm First! Northrend Vanguard
1464,Emblems of Heroism acquired
1465,Emblems of Valor acquired
1466,Most Alliance factions at Exalted
1467,Lich King 5-player bosses killed
1485,Lich King 5-player different bosses killed
1486,Strand of the Ancients Honorable Kills
1487,Total Killing Blows
1488,World Killing Blows
1489,Continent with the most Killing Blows
1490,Arena Killing Blows
1491,Battleground Killing Blows
1492,2v2 Arena Killing Blows
1493,3v3 Arena Killing Blows
1494,5v5 Arena Killing Blows
1495,Alterac Valley Killing Blows
1496,Arathi Basin Killing Blows
1497,Warsong Gulch Killing Blows
1498,Eye of the Storm Killing Blows
1499,Strand of the Ancients Killing Blows
1500,Deaths in Strand of the Ancients
1501,Total deaths from other players
1502,Quick Cap
1504,Ingvar the Plunderer kills (Heroic Utgarde Keep)
1505,Keristrasza kills (Heroic Nexus)
1506,Anub'arak kills (Heroic Azjol-Nerub)
1507,Herald Volazj kills (Heroic Ahn'kahet)
1508,The Prophet Tharon'ja kills (Heroic Drak'Tharon Keep)
1509,Cyanigosa kills (Heroic Violet Hold)
1510,Gal'darah kills (Heroic Gundrak)
1511,Sjonnir the Ironshaper kills (Heroic Halls of Stone)
1512,Loken kills (Heroic Halls of Lightning)
1513,Ley-Guardian Eregos kills (Heroic Oculus)
1514,King Ymiron kills (Heroic Utgarde Pinnacle)
1515,Mal'Ganis defeated (Heroic CoT: Stratholme)
1516,Accomplished Angler
1517,(Deprecated) Northrend Angler
1518,Fish caught
1519,Fishing skill
1524,Cooking skill
1525,Cooking daily quests completed
1526,Fishing daily quests completed
1527,Highest Alchemy skill
1532,Highest Blacksmithing skill
1535,Highest Enchanting skill
1536,Highest Leatherworking skill
1537,Highest Mining skill
1538,Highest Herbalism skill
1539,Highest Inscription skill
1540,Highest Jewelcrafting skill
1541,Highest Skinning skill
1542,Highest Tailoring skill
1544,Highest Engineering skill
1545,Ring of Valor matches
1546,Ring of Valor victories
1547,Dalaran Sewers matches
1548,Dalaran Sewers victories
1549,Strand of the Ancients battles
1550,Strand of the Ancients victories
1552,Frenzied Firecracker
1556,25 Fish
1557,50 Fish
1558,100 Fish
1559,250 Fish
1560,500 Fish
1561,1000 Fish
1563,(Deprecated) Hail to the Chef
1576,(Deprecated) Of Blood and Anguish
1596,(Deprecated) Guru of Drakuru
1636,Competitor's Tabard
1637,Spirit of Competition
1638,(Deprecated) Skyshattered
1656,Hallowed Be Thy Name
1657,Hallowed Be Thy Name
1658,(Deprecated) Champion of the Frozen Wastes
1676,Loremaster of Eastern Kingdoms
1677,Loremaster of Eastern Kingdoms
1678,Loremaster of Kalimdor
1680,Loremaster of Kalimdor
1681,The Loremaster
1682,The Loremaster
1683,(Deprecated) Brewmaster
1684,(Deprecated) Brewmaster
1685,Bros. Before Ho Ho Ho's
1686,Bros. Before Ho Ho Ho's
1687,Let It Snow
1688,The Winter Veil Gourmet
1689,He Knows If You've Been Naughty
1690,A Frosty Shake
1691,Merrymaker
1692,Merrymaker
1693,Fool For Love
1694,Lovely Luck Is On Your Side
1695,Dangerous Love
1696,The Rocket's Pink Glare
1697,Nation of Adoration
1698,Nation of Adoration
1699,Fistful of Love
1700,Perma-Peddle
1701,Be Mine!
1702,Sweet Tooth
1703,"My Love is Like a Red, Red Rose"
1704,I Pitied The Fool
1705,Clockwork Rocket Bot
1706,Crashin' Thrashin' Racer
1707,Fool For Love
1716,Battleground with the most Killing Blows
1717,(Deprecated) Wintergrasp Victory
1718,(Deprecated) Wintergrasp Veteran
1719,Battleground with the most Honorable Kills
1721,(Deprecated) Archavon the Stone Watcher (25 player)
1722,(Deprecated) Archavon the Stone Watcher (10 player)
1723,(Deprecated) Vehicular Gnomeslaughter
1727,(Deprecated) Leaning Tower
1729,Alchemy Recipes learned
1730,Blacksmithing Plans learned
1734,Engineering Schematics learned
1735,Inscriptions learned
1737,(Deprecated) Destruction Derby
1738,Jewelcrafting Designs learned
1740,Leatherworking Patterns learned
1741,Tailoring Patterns learned
1745,Cooking Recipes known
1748,First Aid Manuals learned
1751,(Deprecated) Didn't Stand a Chance
1752,(Deprecated) Master of Wintergrasp
1753,Archavon the Stone Watcher kills (Wintergrasp 10 player)
1754,Archavon the Stone Watcher kills (Wintergrasp 25 player)
1755,(Deprecated) Within Our Grasp
1756,Lich King 25-player bosses killed
1757,(Deprecated) Defense of the Ancients
1759,Lich King 25-player different bosses killed
1760,Lich King 25-player boss killed the most
1761,(Deprecated) The Dapper Sapper
1762,(Deprecated) Not Even a Scratch
1763,(Deprecated) Artillery Veteran
1764,(Deprecated) Drop it!
1765,(Deprecated) Steady Hands
1766,(Deprecated) Ancient Protector
1768,Lich King 25-player raids completed (final boss killed)
1770,Lich King 10-player bosses killed
1771,Lich King 10-player different bosses killed
1772,Lich King 10-player boss killed the most
1773,Beverage consumed most
1774,Different beverages consumed
1775,Different foods eaten
1776,Food eaten most
1777,(Deprecated) The Northrend Gourmet
1778,(Deprecated) The Northrend Gourmet
1779,(Deprecated) The Northrend Gourmet
1780,(Deprecated) Second That Emotion
1781,(Deprecated) Critter Gitter
1782,(Deprecated) Our Daily Bread
1783,(Deprecated) Our Daily Bread
1784,(Deprecated) Hail to the Chef
1785,(Deprecated) Dinner Impossible
1786,School of Hard Knocks
1788,Bad Example
1789,Daily Chores
1790,"(Deprecated) Hail To The King, Baby"
1791,Home Alone
1792,"Aw, Isn't It Cute?"
1793,For The Children
1795,Lunch Lady
1796,Short Order Cook
1797,Chef de Partie
1798,(Deprecated) Sous Chef
1799,(Deprecated) Chef de Cuisine
1800,(Deprecated) The Outland Gourmet
1801,(Deprecated) Captain Rumsey's Lager
1816,(Deprecated) Defenseless
1817,(Deprecated) The Culling of Time
1832,Tastes Like Chicken
1833,It's Happy Hour Somewhere
1834,(Deprecated) Lightning Struck
1836,Old Crafty
1837,Old Ironjaw
1856,(Deprecated) Make Quick Werk Of Him (10 player)
1857,(Deprecated) Make Quick Werk Of Him (25 player)
1858,(Deprecated) Arachnophobia (10 player)
1859,(Deprecated) Arachnophobia (25 player)
1860,(Deprecated) Gotta Go!
1862,(Deprecated) Volazj's Quick Demise
1864,(Deprecated) What the Eck?
1865,(Deprecated) Lockdown!
1866,(Deprecated) Good Grief
1867,(Deprecated) Timely Death
1868,(Deprecated) Make It Count
1869,(Deprecated) A Poke In The Eye (10 player)
1870,(Deprecated) A Poke In The Eye (25 player)
1871,(Deprecated) Experienced Drake Rider
1872,(Deprecated) Zombiefest!
1873,(Deprecated) Lodi Dodi We Loves the Skadi
1874,(Deprecated) You Don't Have An Eternity (10 player)
1875,(Deprecated) You Don't Have An Eternity (25 player)
1876,(Deprecated) Besting the Black Dragonflight (10 player)
1877,(Deprecated) Less Is More (25 player)
1919,(Deprecated) On The Rocks
1936,(Deprecated) Does Your Wolpertinger Linger?
1956,(Deprecated) Higher Learning
1957,(Deprecated) There's Gold In That There Fountain
1958,(Deprecated) I Smell A Giant Rat
1976,Dalaran Cooking Awards gained
1977,Dalaran Jewelcrafter's Tokens gained
1996,(Deprecated) The Safety Dance (10 player)
1997,(Deprecated) Momma Said Knock You Out (10 player)
1998,(Deprecated) Dalaran Cooking Award
1999,(Deprecated) 10 Dalaran Cooking Awards
2000,(Deprecated) 25 Dalaran Cooking Awards
2001,(Deprecated) 50 Dalaran Cooking Awards
2002,(Deprecated) 100 Dalaran Cooking Awards
2016,(Deprecated) Grizzled Veteran
2017,(Deprecated) Grizzled Veteran
2018,Timear Foresees
2019,Proof of Demise
2036,(Deprecated) Intense Cold
2037,(Deprecated) Chaos Theory
2038,(Deprecated) Respect Your Elders
2039,(Deprecated) Better Off Dred
2040,(Deprecated) Less-rabi
2041,(Deprecated) Dehydration
2042,(Deprecated) Shatter Resistant
2043,(Deprecated) The Incredible Hulk
2044,(Deprecated) Ruby Void
2045,(Deprecated) Emerald Void
2046,(Deprecated) Amber Void
2047,(Deprecated) Gonna Go When the Volcano Blows (10 player)
2048,(Deprecated) Gonna Go When the Volcano Blows (25 player)
2049,(Deprecated) Twilight Assist (10 player)
2050,(Deprecated) Twilight Duo (10 player)
2051,(Deprecated) The Twilight Zone (10 player)
2052,(Deprecated) Twilight Assist (25 player)
2053,(Deprecated) Twilight Duo (25 player)
2054,(Deprecated) The Twilight Zone (25 player)
2056,(Deprecated) Volunteer Work
2057,(Deprecated) Oh Novos!
2058,(Deprecated) Snakes. Why'd It Have To Be Snakes?
2076,(Deprecated) Armored Brown Bear
2077,(Deprecated) Wooly Mammoth
2078,(Deprecated) Traveler's Tundra Mammoth
2079,Tabard of the Protector
2080,(Deprecated) Black War Mammoth
2081,Grand Black War Mammoth
2082,(Deprecated) Ice Mammoth
2083,(Deprecated) Grand Ice Mammoth
2084,(Deprecated) Ring of the Kirin Tor
2085,(Deprecated) 50 Stone Keeper's Shards
2086,(Deprecated) 100 Stone Keeper's Shards
2087,(Deprecated) 250 Stone Keeper's Shards
2088,(Deprecated) 500 Stone Keeper's Shards
2089,(Deprecated) 1000 Stone Keeper's Shards
2090,(Deprecated) Challenger
2091,(Deprecated) Gladiator
2092,(Deprecated) Duelist
2093,(Deprecated) Rival
2094,(Deprecated) A Penny For Your Thoughts
2095,(Deprecated) Silver in the City
2096,(Deprecated) The Coin Master
2097,(Deprecated) Get to the Choppa!
2116,Tabard of the Argent Dawn
2136,(Deprecated) Glory of the Hero
2137,(Deprecated) Glory of the Raider (10 player)
2138,(Deprecated) Glory of the Raider (25 player)
2139,(Deprecated) The Safety Dance (25 player)
2140,(Deprecated) Momma Said Knock You Out (25 player)
2141,Stable Keeper
2142,Filling Up The Barn
2143,Leading the Cavalry
2144,"What A Long, Strange Trip It's Been"
2145,"What A Long, Strange Trip It's Been"
2146,(Deprecated) The Hundred Club (10 player)
2147,(Deprecated) The Hundred Club (25 player)
2148,(Deprecated) Denyin' the Scion (10 player)
2149,(Deprecated) Denyin' the Scion (25 player)
2150,(Deprecated) Split Personality
2151,(Deprecated) Consumption Junction
2152,(Deprecated) Share The Love
2153,(Deprecated) A Void Dance
2154,(Deprecated) Brann Spankin' New
2155,(Deprecated) Abuse the Ooze
2156,(Deprecated) My Girl Loves to Skadi All the Time
2157,(Deprecated) King's Bane
2176,(Deprecated) And They Would All Go Down Together (10 player)
2177,(Deprecated) And They Would All Go Down Together (25 player)
2178,(Deprecated) Shocking! (10 player)
2179,(Deprecated) Shocking! (25 player)
2180,(Deprecated) Subtraction (10 player)
2181,(Deprecated) Subtraction (25 player)
2182,(Deprecated) Spore Loser (10 player)
2183,(Deprecated) Spore Loser (25 player)
2184,(Deprecated) Just Can't Get Enough (10 player)
2185,(Deprecated) Just Can't Get Enough (25 player)
2186,(Deprecated) The Immortal
2187,(Deprecated) The Undying
2188,Leeeeeeeeeeeeeroy!
2189,(Deprecated) Artillery Expert
2190,(Deprecated) Drop it now!
2191,(Deprecated) Ancient Courtyard Protector
2192,(Deprecated) Not Even a Scratch
2193,(Deprecated) Explosives Expert
2194,(Deprecated) Master of Strand of the Ancients
2195,(Deprecated) Master of Strand of the Ancients
2199,(Deprecated) Wintergrasp Ranger
2200,(Deprecated) Defense of the Ancients
2216,Most deadly Lich King dungeon boss
2217,Most deadly Lich King 10-player raid boss
2218,Most deadly Lich King 25-player raid boss
2219,Total deaths in 5-player heroic dungeons
2256,(Deprecated) Northern Exposure
2257,(Deprecated) Frostbitten
2277,Summons accepted
2316,Brutal Nether Drake
2336,Insane in the Membrane
2357,Dreadsteed of Xoroth
2358,Charger
2359,Swift Flight Form
2396,Battleground played the most
2397,Battleground won the most
2398,WoW's 4th Anniversary
2416,Hard Boiled
2417,Chocolate Lover
2418,Chocoholic
2419,Spring Fling
2420,Noble Garden
2421,Noble Garden
2422,Shake Your Bunny-Maker
2436,Desert Rose
2456,Vampire Hunter
2476,(Deprecated) Destruction Derby
2496,The Fifth Element
2497,Spring Fling
2516,Lil' Game Hunter
2536,(Deprecated) Mountain o' Mounts
2537,Mountain o' Mounts
2556,Pest Control
2557,(Deprecated) To All The Squirrels Who Shared My Life
2576,Blushing Bride
2596,Mr. Bigglesworth kills
2676,I Found One!
2716,Dual Talent Specialization
2756,(Deprecated) Argent Aspiration
2758,(Deprecated) Argent Valor
2760,(Deprecated) Exalted Champion of Darnassus
2761,(Deprecated) Exalted Champion of the Exodar
2762,(Deprecated) Exalted Champion of Gnomeregan
2763,(Deprecated) Exalted Champion of Ironforge
2764,(Deprecated) Exalted Champion of Stormwind
2765,(Deprecated) Exalted Champion of Orgrimmar
2766,(Deprecated) Exalted Champion of Sen'jin
2767,(Deprecated) Exalted Champion of Silvermoon City
2768,(Deprecated) Exalted Champion of Thunder Bluff
2769,(Deprecated) Exalted Champion of the Undercity
2770,(Deprecated) Exalted Champion of the Alliance
2771,(Deprecated) Exalted Champion of the Horde
2772,(Deprecated) Tilted!
2773,(Deprecated) It's Just a Flesh Wound
2776,(Deprecated) Master of Wintergrasp
2777,(Deprecated) Champion of Darnassus
2778,(Deprecated) Champion of the Exodar
2779,(Deprecated) Champion of Gnomeregan
2780,(Deprecated) Champion of Ironforge
2781,(Deprecated) Champion of Stormwind
2782,(Deprecated) Champion of the Alliance
2783,(Deprecated) Champion of Orgrimmar
2784,(Deprecated) Champion of Sen'jin
2785,(Deprecated) Champion of Silvermoon City
2786,(Deprecated) Champion of Thunder Bluff
2787,(Deprecated) Champion of the Undercity
2788,(Deprecated) Champion of the Horde
2796,(Deprecated) Brew of the Month
2797,Noble Gardener
2798,Noble Gardener
2816,(Deprecated) Exalted Argent Champion of the Horde
2817,(Deprecated) Exalted Argent Champion of the Alliance
2836,(Deprecated) Lance a Lot
2856,Flame Leviathan kills (Ulduar 10 player)
2857,Razorscale kills (Ulduar 10 player)
2858,Ignis the Furnace Master kills (Ulduar 10 player)
2859,XT-002 Deconstructor kills (Ulduar 10 player)
2860,Assembly of Iron kills (Ulduar 10 player)
2861,Kologarn kills (Ulduar 10 player)
2862,Hodir victories (Ulduar 10 player)
2863,Thorim victories (Ulduar 10 player)
2864,Freya victories (Ulduar 10 player)
2865,Mimiron victories (Ulduar 10 player)
2866,General Vezax kills (Ulduar 10 player)
2867,Algalon the Observer kills (Ulduar 10 player)
2868,Auriaya kills (Ulduar 10 player)
2869,Yogg-Saron kills (Ulduar 10 player)
2870,Emalon the Storm Watcher kills (Wintergrasp 10 player)
2872,Flame Leviathan kills (Ulduar 25 player)
2873,Razorscale kills (Ulduar 25 player)
2874,Ignis the Furnace Master kills (Ulduar 25 player)
2875,Kologarn kills (Ulduar 25 player)
2879,Mimiron victories (Ulduar 25 player)
2880,General Vezax kills (Ulduar 25 player)
2881,Algalon the Observer kills (Ulduar 25 player)
2882,Auriaya kills (Ulduar 25 player)
2883,Yogg-Saron kills (Ulduar 25 player)
2884,XT-002 Deconstructor kills (Ulduar 25 player)
2885,Assembly of Iron kills (Ulduar 25 player)
2886,(Deprecated) The Siege of Ulduar (10 player)
2887,(Deprecated) The Siege of Ulduar (25 player)
2888,(Deprecated) The Antechamber of Ulduar (10 player)
2889,(Deprecated) The Antechamber of Ulduar (25 player)
2890,(Deprecated) The Keepers of Ulduar (10 player)
2891,(Deprecated) The Keepers of Ulduar (25 player)
2892,(Deprecated) The Descent into Madness (10 player)
2893,(Deprecated) The Descent into Madness (25 player)
2894,(Deprecated) The Secrets of Ulduar (10 player)
2895,(Deprecated) The Secrets of Ulduar (25 player)
2903,(Deprecated) Champion of Ulduar
2904,(Deprecated) Conqueror of Ulduar
2905,(Deprecated) Unbroken (10 player)
2906,(Deprecated) Unbroken (25 player)
2907,(Deprecated) Three Car Garage (10 player)
2908,(Deprecated) Three Car Garage (25 player)
2909,(Deprecated) Take Out Those Turrets (10 player)
2910,(Deprecated) Take Out Those Turrets (25 player)
2911,(Deprecated) Shutout (10 player)
2912,(Deprecated) Shutout (25 player)
2913,(Deprecated) Orbital Bombardment (10 player)
2914,(Deprecated) Orbital Devastation (10 player)
2915,(Deprecated) Nuked from Orbit (10 player)
2916,(Deprecated) Orbital Devastation (25 player)
2917,(Deprecated) Nuked from Orbit (25 player)
2918,(Deprecated) Orbital Bombardment (25 player)
2919,(Deprecated) A Quick Shave (10 player)
2921,(Deprecated) A Quick Shave (25 player)
2923,"(Deprecated) Iron Dwarf, Medium Rare (10 player)"
2924,"(Deprecated) Iron Dwarf, Medium Rare (25 player)"
2925,(Deprecated) Shattered (10 player)
2926,(Deprecated) Shattered (25 player)
2927,(Deprecated) Hot Pocket (10 player)
2928,(Deprecated) Hot Pocket (25 player)
2929,(Deprecated) Stokin' the Furnace (25 player)
2930,(Deprecated) Stokin' the Furnace (10 player)
2931,(Deprecated) Nerf Engineering (10 player)
2932,(Deprecated) Nerf Engineering (25 player)
2933,(Deprecated) Nerf Scrapbots (10 player)
2934,(Deprecated) Nerf Gravity Bombs (10 player)
2935,(Deprecated) Nerf Scrapbots (25 player)
2936,(Deprecated) Nerf Gravity Bombs (25 player)
2937,(Deprecated) Must Deconstruct Faster (10 player)
2938,(Deprecated) Must Deconstruct Faster (25 player)
2939,"(Deprecated) I Choose You, Runemaster Molgeim (10 player)"
2940,"(Deprecated) I Choose You, Stormcaller Brundir (10 player)"
2941,"(Deprecated) I Choose You, Steelbreaker (10 player)"
2942,"(Deprecated) I Choose You, Runemaster Molgeim (25 player)"
2943,"(Deprecated) I Choose You, Stormcaller Brundir (25 player)"
2944,"(Deprecated) I Choose You, Steelbreaker (25 player)"
2945,(Deprecated) But I'm On Your Side (10 player)
2946,(Deprecated) But I'm On Your Side (25 player)
2947,(Deprecated) Can't Do That While Stunned (10 player)
2948,(Deprecated) Can't Do That While Stunned (25 player)
2951,(Deprecated) With Open Arms (10 player)
2952,(Deprecated) With Open Arms (25 player)
2953,(Deprecated) Disarmed (10 player)
2954,(Deprecated) Disarmed (25 player)
2955,(Deprecated) If Looks Could Kill (10 player)
2956,(Deprecated) If Looks Could Kill (25 player)
2957,(Deprecated) Glory of the Ulduar Raider (10 player)
2958,(Deprecated) Glory of the Ulduar Raider (25 player)
2959,(Deprecated) Rubble and Roll (10 player)
2960,(Deprecated) Rubble and Roll (25 player)
2961,(Deprecated) Cheese the Freeze (10 player)
2962,(Deprecated) Cheese the Freeze (25 player)
2963,(Deprecated) I Have the Coolest Friends (10 player)
2965,(Deprecated) I Have the Coolest Friends (25 player)
2967,(Deprecated) Getting Cold in Here (10 player)
2968,(Deprecated) Getting Cold in Here (25 player)
2969,(Deprecated) Staying Buffed All Winter (10 player)
2970,(Deprecated) Staying Buffed All Winter (25 player)
2971,(Deprecated) Don't Stand in the Lightning (10 player)
2972,(Deprecated) Don't Stand in the Lightning (25 player)
2973,(Deprecated) I'll Take You All On (10 player)
2974,(Deprecated) I'll Take You All On (25 player)
2975,(Deprecated) Who Needs Bloodlust? (10 player)
2976,(Deprecated) Who Needs Bloodlust? (25 player)
2977,(Deprecated) Siffed (10 player)
2978,(Deprecated) Siffed (25 player)
2979,(Deprecated) Lumberjacked (10 player)
2980,(Deprecated) Con-speed-atory (10 player)
2981,(Deprecated) Con-speed-atory (25 player)
2982,(Deprecated) Getting Back to Nature (10 player)
2983,(Deprecated) Getting Back to Nature (25 player)
2984,(Deprecated) Deforestation (25 player)
2985,(Deprecated) Deforestation (10 player)
2989,(Deprecated) Set Up Us the Bomb (10 player)
2995,(Deprecated) Not-So-Friendly Fire (25 player)
2996,(Deprecated) Shadowdodger (10 player)
2997,(Deprecated) Shadowdodger (25 player)
3002,(Deprecated) Supermassive (25 player)
3003,(Deprecated) Supermassive (10 player)
3004,(Deprecated) He Feeds On Your Tears (10 player)
3005,(Deprecated) He Feeds On Your Tears (25 player)
3006,(Deprecated) Crazy Cat Lady (10 player)
3007,(Deprecated) Crazy Cat Lady (25 player)
3008,(Deprecated) Drive Me Crazy (10 player)
3009,(Deprecated) Kiss and Make Up (10 player)
3010,(Deprecated) Drive Me Crazy (25 player)
3011,(Deprecated) Kiss and Make Up (25 player)
3012,(Deprecated) He's Not Getting Any Older (10 player)
3013,(Deprecated) He's Not Getting Any Older (25 player)
3014,(Deprecated) They're Coming Out of the Walls (10 player)
3015,(Deprecated) In His House He Waits Dreaming (10 player)
3016,(Deprecated) In His House He Waits Dreaming (25 player)
3017,(Deprecated) They're Coming Out of the Walls (25 player)
3018,Emblems of Conquest acquired
3036,(Deprecated) Observed (10 player)
3037,(Deprecated) Observed (25 player)
3056,(Deprecated) Orbit-uary (10 player)
3057,(Deprecated) Orbit-uary (25 player)
3058,(Deprecated) Heartbreaker (10 player)
3059,(Deprecated) Heartbreaker (25 player)
3076,(Deprecated) Nine Lives (10 player)
3077,(Deprecated) Nine Lives (25 player)
3096,Deadly Gladiator's Frostwyrm
3097,(Deprecated) Dwarfageddon (10 player)
3098,(Deprecated) Dwarfageddon (25 player)
3117,Realm First! Death's Demise
3118,(Deprecated) Lumberjacked (25 player)
3136,(Deprecated) Emalon the Storm Watcher (10 player)
3137,(Deprecated) Emalon the Storm Watcher (25 player)
3138,(Deprecated) Not-So-Friendly Fire (10 player)
3141,(Deprecated) Two Lights in the Darkness (10 player)
3142,"Val'anyr, Hammer of Ancient Kings"
3157,(Deprecated) Three Lights in the Darkness (10 player)
3158,(Deprecated) One Light in the Darkness (10 player)
3159,(Deprecated) Alone in the Darkness (10 player)
3161,(Deprecated) Three Lights in the Darkness (25 player)
3162,(Deprecated) Two Lights in the Darkness (25 player)
3163,(Deprecated) One Light in the Darkness (25 player)
3164,(Deprecated) Alone in the Darkness (25 player)
3176,(Deprecated) Lose Your Illusion (10 player)
3177,(Deprecated) Knock on Wood (10 player)
3178,"(Deprecated) Knock, Knock on Wood (10 player)"
3179,"(Deprecated) Knock, Knock, Knock on Wood (10 player)"
3180,(Deprecated) Firefighter (10 player)
3181,(Deprecated) I Love the Smell of Saronite in the Morning (10 player)
3182,(Deprecated) I Could Say That This Cache Was Rare (10 player)
3183,(Deprecated) Lose Your Illusion (25 player)
3184,(Deprecated) I Could Say That This Cache Was Rare (25 player)
3185,(Deprecated) Knock on Wood (25 player)
3186,"(Deprecated) Knock, Knock on Wood (25 player)"
3187,"(Deprecated) Knock, Knock, Knock on Wood (25 player)"
3188,(Deprecated) I Love the Smell of Saronite in the Morning (25 player)
3189,(Deprecated) Firefighter (25 player)
3216,Smelting Recipes learned
3217,(Deprecated) Chasing Marcia
3218,Turtles All the Way Down
3236,Emalon the Storm Watcher kills (Wintergrasp 25 player)
3237,(Deprecated) Set Up Us the Bomb (25 player)
3256,Hodir victories (Ulduar 25 player)
3257,Thorim victories (Ulduar 25 player)
3258,Freya victories (Ulduar 25 player)
3259,Realm First! Celestial Defender
3296,(Deprecated) Cooking with Style
3316,(Deprecated) Herald of the Titans
3336,Deadly Gladiator
3356,Winterspring Frostsaber
3357,Venomhide Ravasaur
3436,Furious Gladiator
3456,(Deprecated) Dead Man's Party
3457,(Deprecated) The Captain's Booty
3478,(Deprecated) Pilgrim
3496,A Brew-FAST Mount
3516,Deaths in Ulduar
3536,The Marine Marine
3556,(Deprecated) Pilgrim's Paunch
3557,(Deprecated) Pilgrim's Paunch
3558,(Deprecated) Sharing is Caring
3559,(Deprecated) Turkey Lurkey
3576,(Deprecated) Now We're Cookin'
3577,(Deprecated) Now We're Cookin'
3578,(Deprecated) The Turkinator
3579,"(Deprecated) ""FOOD FIGHT!"""
3580,(Deprecated) Pilgrim's Peril
3581,(Deprecated) Pilgrim's Peril
3582,(Deprecated) Terokkar Turkey Time
3596,(Deprecated) Pilgrim's Progress
3597,(Deprecated) Pilgrim's Progress
3618,Murkimus the Gladiator
3636,Jade Tiger
3656,(Deprecated) Pilgrim
3676,(Deprecated) A Silver Confidant
3677,(Deprecated) The Sunreavers
3736,(Deprecated) Pony Up!
3756,Furious Gladiator's Frostwyrm
3757,Relentless Gladiator's Frostwyrm
3758,Relentless Gladiator
3776,(Deprecated) Isle of Conquest Victory
3777,(Deprecated) Isle of Conquest Veteran
3778,(Deprecated) Trial of the Champion
3797,(Deprecated) Upper Back Pain (10 player)
3798,(Deprecated) Resilience Will Fix It (10 player)
3799,(Deprecated) Salt and Pepper (10 player)
3800,(Deprecated) The Traitor King (10 player)
3802,(Deprecated) Argent Confessor
3803,(Deprecated) The Faceroller
3804,(Deprecated) I've Had Worse
3808,(Deprecated) A Tribute to Skill (10 player)
3809,(Deprecated) A Tribute to Mad Skill (10 player)
3810,(Deprecated) A Tribute to Insanity (10 player)
3812,(Deprecated) Call of the Grand Crusade (25 player)
3813,(Deprecated) Upper Back Pain (25 player)
3814,(Deprecated) Resilience Will Fix It (25 player)
3815,(Deprecated) Salt and Pepper (25 player)
3816,(Deprecated) The Traitor King (25 player)
3817,(Deprecated) A Tribute to Skill (25 player)
3818,(Deprecated) A Tribute to Mad Skill (25 player)
3819,(Deprecated) A Tribute to Insanity (25 player)
3836,(Deprecated) Koralon the Flame Watcher (10 player)
3837,(Deprecated) Koralon the Flame Watcher (25 player)
3838,(Deprecated) Dungeon & Raid Emblem
3839,(Deprecated) 25 Dungeon & Raid Emblems
3840,(Deprecated) 50 Dungeon & Raid Emblems
3841,(Deprecated) 100 Dungeon & Raid Emblems
3842,(Deprecated) 250 Dungeon & Raid Emblems
3843,(Deprecated) 500 Dungeon & Raid Emblems
3844,(Deprecated) 1000 Dungeon & Raid Emblems
3845,(Deprecated) Isle of Conquest All-Star
3846,(Deprecated) Resource Glut
3847,(Deprecated) Four Car Garage
3848,(Deprecated) A-bomb-inable
3849,(Deprecated) A-bomb-ination
3850,(Deprecated) Mowed Down
3851,(Deprecated) Mine
3852,(Deprecated) Cut the Blue Wire... No the Red Wire!
3853,(Deprecated) All Over the Isle
3854,(Deprecated) Back Door Job
3855,(Deprecated) Glaive Grave
3856,(Deprecated) Demolition Derby
3857,(Deprecated) Master of Isle of Conquest
3876,(Deprecated) 1500 Dungeon & Raid Emblems
3896,Onyx Panther
3916,(Deprecated) Call of the Crusade (25 player)
3917,(Deprecated) Call of the Crusade (10 player)
3918,(Deprecated) Call of the Grand Crusade (10 player)
3936,"(Deprecated) Not One, But Two Jormungars (10 player)"
3937,"(Deprecated) Not One, But Two Jormungars (25 player)"
3957,(Deprecated) Master of Isle of Conquest
3996,(Deprecated) Three Sixty Pain Spike (10 player)
3997,(Deprecated) Three Sixty Pain Spike (25 player)
4016,"(Deprecated) Earth, Wind & Fire (10 player)"
4017,"(Deprecated) Earth, Wind & Fire (25 player)"
4018,Victories over Hunter Champion (Trial of the Champion)
4019,Victories over Hunter Champion (Heroic Trial of the Champion)
4022,Victories over Argent Confessor Paletress (Trial of the Champion)
4023,Victories over Argent Confessor Paletress (Heroic Trial of the Champion)
4024,Victories over Eadric the Pure (Trial of the Champion)
4025,Victories over Eadric the Pure (Heroic Trial of the Champion)
4026,The Black Knight kills (Trial of the Champion)
4027,The Black Knight kills (Heroic Trial of the Champion)
4028,Victories over the Beasts of Northrend (Trial of the Crusader 10 player)
4029,Victories over the Beasts of Northrend (Trial of the Grand Crusader 25 player)
4030,Victories over the Beasts of Northrend (Trial of the Grand Crusader 10 player)
4031,Victories over the Beasts of Northrend (Trial of the Crusader 25 player)
4032,Lord Jaraxxus kills (Trial of the Crusader 10 player)
4033,Lord Jaraxxus kills (Trial of the Grand Crusader 10 player)
4034,Lord Jaraxxus kills (Trial of the Crusader 25 player)
4035,Lord Jaraxxus kills (Trial of the Grand Crusader 25 player)
4036,Victories over the Faction Champions (Trial of the Crusader 10 player)
4037,Victories over the Faction Champions (Trial of the Grand Crusader 10 player)
4038,Victories over the Faction Champions (Trial of the Crusader 25 player)
4039,Victories over the Faction Champions (Trial of the Grand Crusader 25 player)
4040,Val'kyr Twins kills (Trial of the Crusader 10 player)
4041,Val'kyr Twins kills (Trial of the Grand Crusader 10 player)
4042,Val'kyr Twins kills (Trial of the Crusader 25 player)
4043,Val'kyr Twins kills (Trial of the Grand Crusader 25 player)
4044,Times completed the Trial of the Crusader (10 player)
4045,Times completed the Trial of the Grand Crusader (10 player)
4046,Times completed the Trial of the Crusader (25 player)
4047,Times completed the Trial of the Grand Crusader (25 player)
4048,Victories over Mage Champion (Trial of the Champion)
4049,Victories over Mage Champion (Heroic Trial of the Champion)
4050,Victories over Rogue Champion (Trial of the Champion)
4051,Victories over Rogue Champion (Heroic Trial of the Champion)
4052,Victories over Shaman Champion (Trial of the Champion)
4053,Victories over Shaman Champion (Heroic Trial of the Champion)
4054,Victories over Warrior Champion (Trial of the Champion)
4055,Victories over Warrior Champion (Heroic Trial of the Champion)
4074,Koralon the Flame Watcher kills (Wintergrasp 10 player)
4075,Koralon the Flame Watcher kills (Wintergrasp 25 player)
4078,Realm First! Grand Crusader
4079,A Tribute to Immortality
4080,(Deprecated) A Tribute to Dedicated Insanity
4096,Isle of Conquest battles
4097,Isle of Conquest victories
4156,A Tribute to Immortality
4176,(Deprecated) Resource Glut
4177,(Deprecated) Mine
4256,(Deprecated) Demolition Derby
4296,(Deprecated) Trial of the Champion
4297,(Deprecated) Heroic: Trial of the Champion
4298,(Deprecated) Heroic: Trial of the Champion
4316,(Deprecated) 2500 Dungeon & Raid Emblems
4396,(Deprecated) Onyxia's Lair (10 player)
4397,Onyxia's Lair
4400,WoW's 5th Anniversary
4402,(Deprecated) More Dots! (10 player)
4403,(Deprecated) Many Whelps! Handle It! (10 player)
4404,(Deprecated) She Deep Breaths More (10 player)
4405,More Dots!
4406,Many Whelps! Handle It!
4407,She Deep Breaths More
4436,BB King
4437,BB King
4456,Random Lich King (normal) dungeons completed
4476,(Deprecated) Looking For More
4477,(Deprecated) Looking For Many
4478,(Deprecated) Looking For Multitudes
4496,It's Over Nine Thousand!
4516,(Deprecated) The Forge of Souls
4517,(Deprecated) The Pit of Saron
4518,(Deprecated) The Halls of Reflection
4519,(Deprecated) Heroic: The Forge of Souls
4520,(Deprecated) Heroic: The Pit of Saron
4521,(Deprecated) Heroic: The Halls of Reflection
4522,(Deprecated) Soul Power
4523,(Deprecated) Three Faced
4524,(Deprecated) Doesn't Go to Eleven
4525,(Deprecated) Don't Look Up
4526,(Deprecated) We're Not Retreating; We're Advancing in a Different Direction.
4527,(Deprecated) The Frostwing Halls (10 player)
4528,(Deprecated) The Plagueworks (10 player)
4529,(Deprecated) The Crimson Hall (10 player)
4530,(Deprecated) The Frozen Throne (10 player)
4531,(Deprecated) Storming the Citadel (10 player)
4532,(Deprecated) Fall of the Lich King (10 player)
4534,(Deprecated) Boned (10 player)
4535,(Deprecated) Full House (10 player)
4536,(Deprecated) I'm on a Boat (10 player)
4537,(Deprecated) I've Gone and Made a Mess (10 player)
4538,(Deprecated) Dances with Oozes (10 player)
4539,"(Deprecated) Once Bitten, Twice Shy (10 player)"
4556,Random Lich King (heroic) dungeons completed
4576,Realm First! Fall of the Lich King
4577,(Deprecated) Flu Shot Shortage (10 player)
4578,"(Deprecated) Nausea, Heartburn, Indigestion... (10 player)"
4579,(Deprecated) Portal Jockey (10 player)
4580,(Deprecated) All You Can Eat (10 player)
4581,(Deprecated) Neck-Deep in Vile (10 player)
4582,(Deprecated) The Orb Whisperer (10 player)
4583,(Deprecated) Bane of the Fallen King
4584,(Deprecated) The Light of Dawn
4585,(Deprecated) Toravon the Ice Watcher (10 player)
4586,(Deprecated) Toravon the Ice Watcher (25 player)
4596,(Deprecated) The Sword in the Skull
4597,(Deprecated) The Frozen Throne (25 player)
4598,(Deprecated) The Ashen Verdict
4599,Wrathful Gladiator
4600,Wrathful Gladiator's Frostwyrm
4601,(Deprecated) Been Waiting a Long Time for This (10 player)
4602,(Deprecated) Glory of the Icecrown Raider (10 player)
4603,(Deprecated) Glory of the Icecrown Raider (25 player)
4604,(Deprecated) Storming the Citadel (25 player)
4605,(Deprecated) The Plagueworks (25 player)
4606,(Deprecated) The Crimson Hall (25 player)
4607,(Deprecated) The Frostwing Halls (25 player)
4608,(Deprecated) Fall of the Lich King (25 player)
4610,(Deprecated) Boned (25 player)
4611,(Deprecated) Full House (25 player)
4612,(Deprecated) I'm on a Boat (25 player)
4613,(Deprecated) I've Gone and Made a Mess (25 player)
4614,(Deprecated) Dances with Oozes (25 player)
4615,(Deprecated) Flu Shot Shortage (25 player)
4616,"(Deprecated) Nausea, Heartburn, Indigestion... (25 player)"
4617,(Deprecated) The Orb Whisperer (25 player)
4618,"(Deprecated) Once Bitten, Twice Shy (25 player)"
4619,(Deprecated) Portal Jockey (25 player)
4620,(Deprecated) All You Can Eat (25 player)
4621,(Deprecated) Been Waiting a Long Time for This (25 player)
4622,(Deprecated) Neck-Deep in Vile (25 player)
4623,Shadowmourne
4624,Tough Love
4625,Invincible's Reins
4626,And I'll Form the Head!
4627,Big Love Rocket
4628,(Deprecated) Heroic: Storming the Citadel (10 player)
4629,(Deprecated) Heroic: The Plagueworks (10 player)
4630,(Deprecated) Heroic: The Crimson Hall (10 player)
4631,(Deprecated) Heroic: The Frostwing Halls (10 player)
4632,(Deprecated) Heroic: Storming the Citadel (25 player)
4633,(Deprecated) Heroic: The Plagueworks (25 player)
4634,(Deprecated) Heroic: The Crimson Hall (25 player)
4635,(Deprecated) Heroic: The Frostwing Halls (25 player)
4636,(Deprecated) Heroic: Fall of the Lich King (10 player)
4637,(Deprecated) Heroic: Fall of the Lich King (25 player)
4639,Lord Marrowgar kills (Icecrown 10 player)
4640,Lord Marrowgar kills (Heroic Icecrown 10 player)
4641,Lord Marrowgar kills (Icecrown 25 player)
4642,Lord Marrowgar kills (Heroic Icecrown 25 player)
4643,Lady Deathwhisper kills (Icecrown 10 player)
4644,Gunship Battle victories (Icecrown 10 player)
4645,Deathbringer kills (Icecrown 10 player)
4646,Festergut kills (Icecrown 10 player)
4647,Rotface kills (Icecrown 10 player)
4648,Blood Prince Council kills (Icecrown 10 player)
4649,Valithria Dreamwalker rescues (Icecrown 10 player)
4650,Professor Putricide kills (Icecrown 10 player)
4651,Blood Queen Lana'thel kills (Icecrown 10 player)
4652,Sindragosa kills (Icecrown 10 player)
4653,Victories over the Lich King (Icecrown 10 player)
4654,Lady Deathwhisper kills (Heroic Icecrown 10 player)
4655,Lady Deathwhisper kills (Icecrown 25 player)
4656,Lady Deathwhisper kills (Heroic Icecrown 25 player)
4657,Toravon the Ice Watcher kills (Wintergrasp 10 player)
4658,Toravon the Ice Watcher kills (Wintergrasp 25 player)
4659,Gunship Battle victories (Heroic Icecrown 10 player)
4660,Gunship Battle victories (Icecrown 25 player)
4661,Gunship Battle victories (Heroic Icecrown 25 player)
4662,Deathbringer kills (Heroic Icecrown 10 player)
4663,Deathbringer kills (Icecrown 25 player)
4664,Deathbringer kills (Heroic Icecrown 25 player)
4665,Festergut kills (Heroic Icecrown 10 player)
4666,Festergut kills (Icecrown 25 player)
4667,Festergut kills (Heroic Icecrown 25 player)
4668,Rotface kills (Heroic Icecrown 10 player)
4669,Rotface kills (Icecrown 25 player)
4670,Rotface kills (Heroic Icecrown 25 player)
4671,Blood Prince Council kills (Heroic Icecrown 10 player)
4672,Blood Prince Council kills (Icecrown 25 player)
4673,Blood Prince Council kills (Heroic Icecrown 25 player)
4674,Valithria Dreamwalker rescues (Heroic Icecrown 10 player)
4675,Valithria Dreamwalker rescues (Icecrown 25 player)
4676,Valithria Dreamwalker rescues (Heroic Icecrown 25 player)
4677,Professor Putricide kills (Heroic Icecrown 10 player)
4678,Professor Putricide kills (Icecrown 25 player)
4679,Professor Putricide kills (Heroic Icecrown 25 player)
4680,Blood Queen Lana'thel kills (Heroic Icecrown 10 player)
4681,Blood Queen Lana'thel kills (Icecrown 25 player)
4682,Blood Queen Lana'thel kills (Heroic Icecrown 25 player)
4683,Sindragosa kills (Icecrown 25 player)
4684,Sindragosa kills (Heroic Icecrown 10 player)
4685,Sindragosa kills (Heroic Icecrown 25 player)
4686,Victories over the Lich King (Heroic Icecrown 10 player)
4687,Victories over the Lich King (Icecrown 25 player)
4688,Victories over the Lich King (Heroic Icecrown 25 player)
4713,Bronjahm kills (Forge of Souls)
4714,Bronjahm kills (Heroic Forge of Souls)
4715,Devourer of Souls kills (Forge of Souls)
4716,Devourer of Souls kills (Heroic Forge of Souls)
4717,Forgemaster Garfrost kills (Pit of Saron)
4718,Ick and Krick kills (Pit of Saron)
4719,Ick and Krick kills (Heroic Pit of Saron)
4720,Scourgelord Tyrannus kills (Pit of Saron)
4721,Scourgelord Tyrannus kills (Heroic Pit of Saron)
4722,Falric kills (Halls of Reflection)
4723,Falric kills (Heroic Halls of Reflection)
4724,Marwyn kills (Halls of Reflection)
4725,Marwyn kills (Heroic Halls of Reflection)
4726,Lich King escapes (Halls of Reflection)
4727,Lich King escapes (Heroic Halls of Reflection)
4728,Forgemaster Garfrost kills (Heroic Pit of Saron)
4729,Emblems of Triumph acquired
4730,Emblems of Frost acquired
4777,Isle of Conquest Killing Blows
4778,Disenchant rolls made on loot
4779,Isle of Conquest Honorable Kills
4780,Deaths in Trial of the Crusader
4781,Deaths in Icecrown Citadel
4782,Green Brewfest Stein
4784,Emblematic
4785,Emblematic
4786,Operation: Gnomeregan
4790,Zalazane's Fall
4815,(Deprecated) The Twilight Destroyer (25 player)
4816,(Deprecated) Heroic: The Twilight Destroyer (25 player)
4817,(Deprecated) The Twilight Destroyer (10 player)
4818,(Deprecated) Heroic: The Twilight Destroyer (10 player)
4820,Halion kills (Ruby Sanctum 25 player)
4821,Halion kills (Ruby Sanctum 10 player)
4822,Halion kills (Heroic Ruby Sanctum 10 player)
4823,Halion kills (Heroic Ruby Sanctum 25 player)
4824,Collector's Edition: Mini Thor
4900,Soul of Iron
4901,I am Iron Man.
4902,Battle for Hillsbrad: Assault
4903,Battle for Hillsbrad: Defense
4906,Beta One Tester
4908,Explorer's Contract: Artisan
4909,Explorer's Contract: Apprentice
4910,Explorer's Contract: Journeyman
4911,Explorer's Contract: Expert
4912,Glittermurk Mines
4913,Stratholme: Service Gate
4914,Raceway License
4915,Podium Placement
4916,Winner Winner Chicken Dinner
4917,Bronze Award
4918,Silver Trophy
4919,Gold Trophy
4920,Bloodthirsty
4921,Professional Tester
4922,Pure Leveller
4923,Dungeoneer
4924,Beta Two Tester
